"Symbol","Outcome","Risk","PlannedRR","CostR","GrossR","NetR","HoldBars"
"EURUSD","loss","0.000268799999999958","2","0.654166666666085","-1","-1.65416666666609","1"
"EURUSD","loss","0.000213600000000369","1.99999999999688","0.788764044943101","-1","-1.78876404494392","2"
"EURUSD","loss","0.000213599999999925","2","0.788764044944741","-1","-1.78876404494474","1"
"EURUSD","win","0.000597600000000087","1.99999999999963","0.367603748326308","1.99999999999963","1.63239625167332","2"
"EURUSD","win","0.000439199999999973","2","0.452094717668169","2","1.54790528233234","1"
"EURUSD","loss","0.000391199999999925","2","0.49120654396765","-1","-1.49120654396765","1"
"EURUSD","win","0.000348000000000015","2","0.535632183908112","2","1.46436781609189","7"
"EURUSD","win","0.000141600000000075","2","1.12994350282225","2","0.87005649717461","1"
"EURUSD","loss","0.000240000000000018","2","0.716666666666867","-1","-1.71666666666687","3"
"EURUSD","win","0.000755999999999979","2.00000000000029","0.318518518518288","2.00000000000029","1.68148148148171","1"
"EURUSD","loss","0.000727200000000039","1.99999999999969","0.325852585258596","-1","-1.3258525852586","1"
"EURUSD","win","0.00051840000000003","2","0.403395061727636","2","1.59660493827151","1"
"EURUSD","win","0.000223199999999979","2","0.760573476702167","2","1.23942652329783","1"
"EURUSD","loss","0.000309600000000021","1.99999999999857","0.585529715762433","-1","-1.58552971576243","1"
"EURUSD","loss","0.0001776","1.99999999999875","0.921621621621618","-1","-1.92162162162162","1"
"EURUSD","win","0.000218400000000063","1.99999999999898","0.774358974357838","1.99999999999898","1.22564102564115","1"
"EURUSD","win","0.00020639999999994","2.00000000000108","0.811627906977943","2.00000000000108","1.18837209302313","1"
"EURUSD","win","0.000160799999999961","2","1.00398009950177","2","0.996019900498226","1"
"EURUSD","loss","0.000530399999999931","2.00000000000042","0.397285067872722","-1","-1.39728506787356","1"
"EURUSD","loss","0.000520800000000099","1.99999999999957","0.402150537634129","-1","-1.40215053763413","1"
"EURUSD","win","0.000503999999999838","2.00000000000044","0.41111111111161","2.00000000000044","1.58888888888883","1"
"GBPUSD","loss","0.00029760000000012","1.99999999999925","0.680913978494083","-1","-1.68091397849408","1"
"GBPUSD","loss","0.000288000000000066","2","0.698611111110223","-1","-1.69861111111022","1"
"GBPUSD","win","0.000744000000000078","1.9999999999997","0.362365591397487","1.9999999999997","1.63763440860162","1"
"GBPUSD","win","0.000554400000000177","1.9999999999992","0.434992784992378","1.9999999999992","1.56500721500745","1"
"GBPUSD","loss","0.000477600000000189","2","0.48082077051937","-1","-1.48082077051959","1"
"GBPUSD","win","0.000451199999999874","2.00000000000049","0.5001773049642","2.00000000000049","1.49982269503629","1"
"GBPUSD","win","0.000211200000000078","1.99999999999895","0.937500000000329","1.99999999999895","1.06249999999862","1"
"GBPUSD","loss","0.000333600000000045","2","0.623621103117317","-1","-1.62362110311732","1"
"GBPUSD","win","0.00078239999999985","2.00000000000028","0.351942740286156","2.00000000000028","1.64805725971413","1"
"GBPUSD","win","0.00050400000000006","1.99999999999956","0.463492063492119","1.99999999999956","1.53650793650744","1"
"GBPUSD","loss","0.000453599999999943","2","0.49832451499084","-1","-1.49832451499084","1"
"GBPUSD","loss","0.000597600000000087","2","0.414390896920946","-1","-1.41439089692095","1"
"GBPUSD","win","0.000441600000000042","1.9999999999995","0.507789855072637","1.9999999999995","1.49221014492736","2"
"GBPUSD","loss","0.000122399999999967","2.00000000000181","1.61764705882513","-1","-2.61764705882513","1"
"GBPUSD","win","0.000251999999999919","2.00000000000088","0.785714285715104","2.00000000000088","1.21428571428578","3"
"GBPUSD","win","0.000244799999999934","2","0.808823529412565","2","1.19117647058726","1"
"GBPUSD","loss","0.000276000000000165","1.99999999999839","0.722463768114161","-1","-1.72246376811635","1"
"GBPUSD","win","0.000177599999999778","2","1.11486486486706","2","0.885135135134189","1"
"GBPUSD","loss","0.000484799999999952","2.00000000000046","0.475907590759617","-1","-1.4759075907587","1"
"GBPUSD","win","0.000184799999999985","2","1.07142857142943","2","0.92857142857057","1"
"GBPUSD","win","0.000261599999999973","2.00000000000085","0.756880733945577","2.00000000000085","1.24311926605527","1"
"GBPUSD","win","0.000374400000000108","1.99999999999941","0.572008547008581","1.99999999999941","1.42799145299083","1"
"GBPUSD","loss","0.000734400000000024","2","0.365141612200523","-1","-1.36514161220052","1"
"GBPUSD","win","0.000760800000000117","1.99999999999971","0.357676130388992","1.99999999999971","1.64232386961072","1"
"AUDUSD","loss","0.000170400000000015","2","1.06056338028108","-1","-2.06056338028108","1"
"AUDUSD","loss","0.000588000000000033","1.99999999999981","0.402040816326363","-1","-1.40204081632636","11"
"AUDUSD","loss","0.0001776","2","1.02297297297338","-1","-2.02297297297338","1"
"AUDUSD","win","0.000448800000000027","2","0.485383244206552","2","1.51461675579345","1"
"AUDUSD","win","0.000153599999999976","2","1.16197916666672","2","0.838020833333276","1"
"AUDUSD","loss","0.000242399999999976","2","0.785148514851423","-1","-1.78514851485142","1"
"AUDUSD","win","0.00057599999999991","2.00000000000019","0.40763888888911","2.00000000000019","1.59236111111108","22"
"AUDUSD","loss","0.000278400000000012","2","0.700862068965861","-1","-1.70086206896586","1"
"AUDUSD","loss","0.000292799999999982","2","0.67295081967211","-1","-1.67295081967211","2"
"AUDUSD","win","0.000331200000000087","1.99999999999966","0.610386473429644","1.99999999999966","1.38961352657002","1"
"AUDUSD","win","0.000141600000000075","1.99999999999922","1.25706214689207","1.99999999999922","0.742937853107145","1"
"AUDUSD","loss","0.000196799999999997","2","0.936178861788925","-1","-1.93617886178893","1"
"AUDUSD","win","0.000616800000000084","2","0.389494163424256","2","1.61050583657574","10"
"AUDUSD","loss","0.000331199999999976","2.00000000000034","0.610386473429849","-1","-1.61038647342985","7"
"AUDUSD","loss","0.000146399999999991","2","1.21584699453567","-1","-2.21584699453567","1"
"AUDUSD","loss","0.000319199999999964","2.00000000000035","0.628320802004787","-1","-1.62832080200479","10"
"AUDUSD","loss","0.000211199999999967","2","0.881439393939225","-1","-1.88143939393923","1"
"AUDUSD","loss","0.000151200000000018","2","1.17830687830626","-1","-2.17830687830626","1"
"AUDUSD","loss","0.000268800000000069","1.99999999999959","0.721130952381183","-1","-1.72113095238118","1"
"AUDUSD","win","0.000165599999999988","2.00000000000067","1.08743961352681","2.00000000000067","0.912560386473859","1"
"AUDUSD","loss","0.00028079999999997","2.0000000000004","0.696011396011241","-1","-1.69601139601124","1"
"AUDUSD","loss","4.3200000000021E-05","1.99999999999743","4.12037037036863","-1","-5.12037037036863","1"
"AUDUSD","loss","0.000168000000000057","2","1.07380952380964","-1","-2.07380952380964","1"
"AUDUSD","loss","0.000180000000000069","1.99999999999938","1.01111111111019","-1","-2.01111111111019","1"
"AUDUSD","loss","0.000180000000000069","1.99999999999938","1.01111111111019","-1","-2.01111111111019","1"
"AUDUSD","loss","0.000708000000000042","1.99999999999984","0.356497175141124","-1","-1.35649717514112","20"
"AUDUSD","loss","0.000115199999999982","2","1.54513888888923","-1","-2.54513888888923","1"
"AUDUSD","loss","9.3599999999916E-05","2.00000000000119","1.90170940171123","-1","-2.90170940171123","1"
"AUDUSD","win","0.000103200000000081","1.99999999999892","1.72480620154914","1.99999999999892","0.275193798449779","1"
"AUDUSD","loss","0.000232800000000033","1.99999999999952","0.812027491408707","-1","-1.81202749140871","1"
"NZDUSD","loss","0.000163199999999919","2.00000000000068","1.37867647058843","-1","-2.37867647058843","1"
"NZDUSD","loss","0.000470399999999982","2.00000000000024","0.52661564625842","-1","-1.52661564625842","15"
"NZDUSD","win","0.000417600000000018","2","0.576340996168807","2","1.42365900383119","1"
"NZDUSD","loss","0.000153599999999976","2","1.46484374999971","-1","-2.46484374999971","7"
"NZDUSD","loss","0.000160799999999961","2","1.39925373134312","-1","-2.39925373134312","1"
"NZDUSD","win","0.000468000000000024","1.99999999999976","0.528632478632233","1.99999999999976","1.47136752136753","22"
"NZDUSD","loss","0.00025200000000003","1.99999999999956","0.892857142856718","-1","-1.89285714285672","1"
"NZDUSD","loss","0.000275999999999943","2","0.815217391304225","-1","-1.81521739130423","1"
"NZDUSD","loss","0.000158400000000003","2","1.42045454545401","-1","-2.42045454545401","18"
"NZDUSD","win","0.000492000000000048","1.99999999999977","0.509349593495864","1.99999999999977","1.49065040650391","1"
"NZDUSD","loss","0.000271200000000027","2","0.829646017698736","-1","-1.82964601769874","11"
"NZDUSD","loss","0.000129599999999952","2.00000000000086","1.73611111111113","-1","-2.73611111111113","14"
"NZDUSD","loss","0.000273599999999985","2.00000000000041","0.822368421052383","-1","-1.82236842105238","1"
"NZDUSD","loss","0.0001776","2","1.26689189189144","-1","-2.26689189189144","2"
"NZDUSD","loss","0.000235199999999991","2","0.95663265306092","-1","-1.95663265306092","1"
"NZDUSD","loss","0.000232800000000033","2","0.966494845360343","-1","-1.96649484536034","8"
"NZDUSD","loss","0.000146399999999991","1.99999999999924","1.53688524590119","-1","-2.53688524590119","1"
"NZDUSD","loss","0.000201600000000024","2","1.1160714285709","-1","-2.1160714285709","1"
"NZDUSD","win","0.000179999999999958","2","1.24999999999985","2","0.750000000000154","2"
"NZDUSD","loss","0.000105600000000039","1.99999999999895","2.13068181818027","-1","-3.13068181818027","1"
"NZDUSD","loss","8.3999999999973E-05","2","2.67857142857133","-1","-0.678571428571334","1"
"NZDUSD","loss","0.000280800000000081","1.9999999999996","0.801282051281534","-1","-1.80128205128153","1"
"NZDUSD","win","0.000645600000000024","1.99999999999983","0.419888475836555","1.99999999999983","1.58011152416327","8"
"NZDUSD","loss","0.000415199999999949","2","0.578901734104239","-1","-1.57890173410424","11"
"NZDUSD","win","0.000158400000000003","2","1.42045454545401","2","0.579545454545988","1"
"NZDUSD","loss","0.000136799999999937","2","1.64473684210543","-1","-2.64473684210543","1"
"NZDUSD","loss","0.00034080000000003","2","0.676173708919961","-1","-1.67617370891996","23"
"NZDUSD","loss","0.000160799999999961","2.00000000000069","1.39925373134312","-1","-2.39925373134312","1"
"NZDUSD","win","0.000230400000000075","1.99999999999952","0.976562499999334","1.99999999999952","1.02343750000018","1"
"NZDUSD","loss","0.000232800000000033","2","0.966494845360343","-1","-1.96649484536034","1"
"USDCAD","loss","0.000223199999999979","2","1.00806451612877","-1","-2.00806451612877","1"
"USDCAD","loss","0.000259199999999904","2","0.868055555555567","-1","-1.86805555555557","1"
"USDCAD","loss","0.00029760000000012","1.99999999999925","0.756048387097692","-1","-1.7560483870962","1"
"USDCAD","win","0.000511199999999823","2.00000000000087","0.495226917058459","2.00000000000087","1.50477308294176","1"
"USDCAD","win","0.000244800000000156","1.99999999999909","0.91911764705791","1.99999999999909","1.08088235294216","22"
"USDCAD","loss","0.000242399999999865","2.00000000000092","0.928217821782364","-1","-1.92821782178236","11"
"USDCAD","win","0.000410400000000033","2","0.584113060429206","2","1.41588693957025","23"
"USDCAD","loss","0.000285599999999997","2","0.787815126050147","-1","-1.78781512605015","1"
"USDCAD","loss","0.000218400000000063","1.99999999999898","1.03021978021912","-1","-2.03021978021912","1"
"USDCAD","loss","0.000264000000000042","1.99999999999916","0.852272727272288","-1","-1.85227272727229","16"
"USDCAD","loss","0.00039839999999991","2","0.597690763051529","-1","-1.59769076305264","1"
"USDCAD","win","0.000249600000000072","2","0.901442307691726","2","1.09855769230827","1"
"USDCAD","loss","0.000323999999999991","2","0.704320987654377","-1","-1.70432098765438","1"
"USDCAD","loss","0.000160799999999961","2.00000000000138","1.39925373134312","-1","-2.39925373134312","1"
"USDCAD","loss","0.000573600000000063","2","0.4558577405854","-1","-1.4558577405854","1"
"USDCAD","win","0.000254399999999988","2","0.884433962263877","2","1.11556603773612","1"
"USDCAD","win","0.000268799999999958","2.00000000000083","0.837053571428404","2.00000000000083","1.16294642857242","13"
"USDCAD","loss","0.000160799999999961","2","1.39925373134312","-1","-2.39925373134312","21"
"USDCAD","loss","0.000244800000000156","1.99999999999909","0.91911764705791","-1","-1.91911764705791","1"
"USDCAD","loss","0.000280800000000081","2.00000000000079","0.801282051281534","-1","-1.80128205128153","1"
"USDCAD","loss","0.000105599999999928","2.0000000000021","2.13068181818251","-1","-3.13068181818251","1"
"USDCAD","win","0.000199199999999955","2","1.12951807228901","2","0.870481927710991","1"
"USDCAD","loss","0.000223199999999979","2","1.00806451612877","-1","-2.00806451612877","1"
"USDCAD","loss","0.000194400000000039","1.99999999999886","1.15740740740676","-1","-2.15740740740676","1"
"USDCAD","loss","0.00020639999999994","2.00000000000108","1.0901162790697","-1","-2.09011627906969","3"
"USDCAD","loss","0.000204000000000093","1.99999999999891","1.10294117646969","-1","-2.10294117647089","1"
"USDCAD","win","0.000256800000000057","2","0.876168224298558","2","1.12383177570144","1"
"USDCAD","loss","0.000184799999999985","2","1.21753246753213","-1","-2.21753246753213","1"
"USDCAD","loss","0.00039839999999991","2.00000000000056","0.597690763052644","-1","-1.59769076305264","23"
"USDCAD","loss","0.000275999999999943","2.0000000000008","0.815217391304225","-1","-1.81521739130423","19"
"USDCAD","win","0.000304800000000105","2","0.740288713910594","2","1.25971128608941","1"
"USDCAD","win","0.000595200000000018","1.99999999999963","0.444153225806563","1.99999999999963","1.55584677419306","1"
"USDCAD","loss","0.000261599999999973","2","0.860091743119048","-1","-1.86009174311905","1"
"USDCHF","loss","0.000168000000000057","1.99999999999934","1.28571428571381","-1","-2.28571428571381","9"
"USDCHF","win","0.000160799999999961","2","1.34328358208984","2","0.656716417910159","1"
"USDCHF","loss","0.000506400000000018","2","0.480884676145207","-1","-1.48088467614521","1"
"USDCHF","loss","0.000396000000000063","2","0.577777777777479","-1","-1.57777777777748","1"
"USDCHF","loss","0.000232800000000033","2","0.927835051546234","-1","-1.92783505154623","1"
"USDCHF","loss","0.000211199999999967","2.00000000000053","1.0227272727274","-1","-2.0227272727274","4"
"USDCHF","win","0.000530400000000042","1.99999999999979","0.465158371040751","1.99999999999979","1.53484162895904","1"
"USDCHF","loss","0.000333600000000045","2","0.660911270983359","-1","-1.66091127098336","1"
"USDCHF","win","0.00016320000000003","1.99999999999932","1.32352941176443","1.99999999999932","0.676470588234894","5"
"USDCHF","win","0.000247200000000003","2","0.873786407766955","2","1.12621359223304","1"
"USDCHF","win","0.000187200000000054","2","1.15384615384579","2","0.846153846154211","2"
"USDCHF","win","0.000139200000000006","2","1.55172413793092","2","0.448275862069075","1"
"USDCHF","loss","0.000559199999999982","2.0000000000002","0.448068669527931","-1","-1.44806866952793","1"
"USDCHF","loss","0.000213600000000036","2","1.01123595505598","-1","-2.01123595505598","1"
"USDCHF","loss","6.4799999999976E-05","2","3.33333333333448","-1","-4.33333333333448","1"
"USDCHF","loss","0.000182400000000027","1.99999999999939","1.18421052631558","-1","-2.18421052631558","1"
"USDCHF","loss","0.000165599999999988","2.00000000000067","1.30434782608701","-1","-2.30434782608701","1"
"USDCHF","loss","0.000208800000000009","2","1.03448275862062","-1","-2.03448275862062","1"
"USDCHF","loss","0.000129599999999952","2.00000000000086","1.66666666666724","-1","-2.66666666666724","1"
"USDCHF","win","0.000187199999999943","2","1.15384615384647","2","0.846153846153527","1"
"USDCHF","loss","0.000614400000000015","1.99999999999982","0.419791666666513","-1","-1.41979166666651","1"
"USDCHF","loss","0.000288000000000066","1.99999999999961","0.749999999999807","-1","-1.74999999999981","1"
"USDCHF","loss","0.000213600000000036","1.99999999999948","1.01123595505598","-1","-2.01123595505598","1"
"USDCHF","loss","0.000120000000000009","2","1.79999999999981","-1","-2.79999999999982","1"
"USDCHF","loss","0.00048960000000009","1.99999999999977","0.492810457516271","-1","-1.49281045751627","1"
"USDCHF","loss","0.000477599999999967","2.00000000000023","0.501842546063612","-1","-1.50184254606361","1"
"USDCHF","win","0.00019199999999997","2.00000000000058","1.12500000000014","2.00000000000058","0.875000000000434","1"
"USDCHF","loss","0.000187200000000054","1.99999999999941","1.15384615384579","-1","-2.15384615384579","4"
"USDCHF","loss","0.000290400000000024","1.99999999999962","0.74380165289248","-1","-1.74380165289248","1"
"USDCHF","loss","0.000302400000000036","2","0.715343915343988","-1","-1.71534391534399","1"
"USDCHF","loss","0.000151200000000018","1.99999999999927","1.42857142857122","-1","-2.42857142857122","10"
"USDCHF","loss","0.000407999999999964","2","0.564705882352903","-1","-1.5647058823529","1"
"USDCHF","loss","0.000343199999999988","1.99999999999968","0.646153846154075","-1","-1.64615384615408","1"
"USDCHF","win","0.000249599999999961","2.00000000000044","0.865384615384727","2.00000000000044","1.13461538461572","1"
"USDJPY","win","0.0395999999999788","2.00000000000072","0.486868686868459","2.00000000000072","1.51313131313226","1"
"USDJPY","loss","0.0213600000000156","1.99999999999867","0.788764044942391","-1","-1.78876404494239","1"
"USDJPY","loss","0.0412800000000004","2","0.472480620154635","-1","-1.47248062015463","1"
"USDJPY","win","0.0280799999999886","2.00000000000101","0.631908831908851","2.00000000000101","1.36809116809216","1"
"USDJPY","win","0.0316799999999944","2.0000000000009","0.575252525251843","2.0000000000009","1.42474747474905","1"
"USDJPY","win","0.0621600000000058","2","0.358558558558577","2","1.64144144144142","1"
"USDJPY","win","0.0261600000000044","2","0.668501529052425","2","1.33149847094758","1"
"USDJPY","win","0.0926399999999887","2.00000000000031","0.284455958548981","2.00000000000031","1.71554404145133","1"
"USDJPY","loss","0.0407999999999902","2.0000000000007","0.476470588234786","-1","-1.47647058823479","1"
"USDJPY","win","0.028080000000017","1.99999999999899","0.631908831908212","1.99999999999899","1.36809116809078","1"
"USDJPY","win","0.0352800000000002","2","0.530158730159119","2","1.46984126984088","19"
"USDJPY","loss","0.0268800000000056","1.99999999999894","0.654166666666508","-1","-1.65416666666651","3"
"USDJPY","win","0.0456000000000074","2","0.440350877193069","2","1.55964912280693","1"
"USDJPY","win","0.0350400000000093","1.99999999999919","0.532876712328082","1.99999999999919","1.46712328767111","1"
"USDJPY","win","0.0223200000000077","2","0.760573476702232","2","1.23942652329777","1"
"USDJPY","loss","0.0187200000000018","2","0.881196581197447","-1","-1.88119658119745","1"
"USDJPY","win","0.0112799999999993","2","1.41843971631388","2","0.581560283686121","1"
"USDJPY","win","0.0177600000000098","2","0.921621621621111","2","1.07837837837889","2"
"USDJPY","loss","0.0187200000000018","1.99999999999848","0.881196581197447","-1","-1.88119658119745","1"
"USDJPY","win","0.0482399999999927","2","0.423548922057029","2","1.57645107794297","1"
"USDJPY","win","0.0218399999999974","2","0.774358974358641","2","1.22564102564136","1"
"USDJPY","loss","0.0175199999999904","2.00000000000162","0.932420091326074","-1","-1.93242009132607","1"
"USDJPY","loss","0.0196800000000223","1.99999999999856","0.844715447152439","-1","-1.84471544715244","1"
"USDJPY","win","0.0172799999999995","2","0.943518518518024","2","1.05648148148198","1"
"USDJPY","loss","0.0143999999999949","2.00000000000197","1.11111111111287","-1","-2.11111111111287","13"
"USDJPY","loss","0.0143999999999949","2","1.11111111111287","-1","-2.11111111111287","1"
"USDJPY","loss","0.026159999999976","2.00000000000109","0.668501529053151","-1","-1.66850152905315","1"
"USDJPY","win","0.02928","2","0.611475409835631","2","1.38852459016437","5"
"USDJPY","loss","0.0182399999999916","2","0.900877192983358","-1","-1.90087719298336","1"
"USDJPY","win","0.098399999999998","2","0.27560975609782","2","1.72439024390218","1"
"USDJPY","loss","0.0527999999999906","2.00000000000054","0.398484848485444","-1","-1.39848484848544","1"
"USDJPY","loss","0.0273599999999874","2","0.645029239766683","-1","-1.64502923976668","1"
"USDJPY","win","0.0136799999999937","2","1.16959064327682","2","0.830409356723178","1"
"USDJPY","loss","0.0278399999999976","2","0.636206896552398","-1","-1.6362068965524","1"
"USDJPY","loss","0.0208800000000053","1.99999999999864","0.803831417623014","-1","-1.80383141762301","1"
"USDJPY","loss","0.0537600000000111","1.99999999999947","0.393749999999709","-1","-1.39374999999971","1"
"XAUUSD","loss","3.84959999999955","2.00000000000024","0.335078969243403","-1","-1.3350789692434","1"
"XAUUSD","win","8.33759999999984","2.00000000000011","0.262368067549359","2.00000000000011","1.73763193245075","3"
"XAUUSD","win","3.84000000000015","2","0.335416666666775","2","1.66458333333322","4"
"XAUUSD","win","7.03679999999986","2","0.273897226011784","2","1.72610277398822","1"
"XAUUSD","win","5.88960000000043","1.99999999999985","0.288291225210608","1.99999999999985","1.71170877478924","1"
"XAUUSD","win","2.43119999999999","2.00000000000037","0.413886146759057","2.00000000000037","1.58611385324132","1"
"XAUUSD","win","2.85599999999977","2.00000000000032","0.382072829131948","2.00000000000032","1.61792717086837","1"
"XAUUSD","win","4.54560000000038","1.9999999999998","0.314396339317268","1.9999999999998","1.68560366068253","1"
"XAUUSD","win","7.97999999999956","2.00000000000011","0.265162907268183","2.00000000000011","1.73483709273193","1"
"XAUUSD","loss","3.8783999999996","2.00000000000023","0.334075907590604","-1","-1.3340759075906","1"
"XAUUSD","win","11.7672000000002","2","0.244190631586047","2","1.75580936841395","1"
"XAUUSD","win","2.75759999999991","2","0.388569770815036","2","1.61143022918496","1"
"XAUUSD","loss","4.35840000000007","2","0.319309838472974","-1","-1.31930983847297","1"
"XAUUSD","loss","3.77040000000034","1.99999999999976","0.337916401442584","-1","-1.33791640144258","1"
"XAUUSD","loss","13.1351999999997","2.00000000000007","0.239588281868559","-1","-1.23958828186856","1"
"XAUUSD","win","7.46880000000056","1.99999999999988","0.269622964867137","1.99999999999988","1.73037703513274","1"
"XAUUSD","win","2.83680000000004","2","0.383305132543542","2","1.61669486745646","1"
"XAUUSD","win","3.8112000000001","1.99999999999976","0.336439966414888","1.99999999999976","1.66356003358487","1"
"XAUUSD","win","8.69279999999981","2.0000000000001","0.259819620835665","2.0000000000001","1.74018037916444","14"
"XAUUSD","win","3.02399999999943","2","0.371957671957608","2","1.62804232804239","1"
"XAUUSD","win","3.08160000000044","1.9999999999997","0.368743509864828","1.9999999999997","1.63125649013488","1"
"XAUUSD","win","2.61119999999937","2.00000000000035","0.3991421568631","2.00000000000035","1.60085784313725","1"
"XAUUSD","win","9.88560000000052","1.99999999999991","0.252601764182231","1.99999999999991","1.74739823581768","1"
"XAUUSD","loss","2.91600000000017","2","0.378326474622598","-1","-1.3783264746226","1"
"XAUUSD","win","3.82079999999951","2.00000000000024","0.336097152428657","2.00000000000024","1.66390284757158","1"
"XAUUSD","win","2.10719999999947","2.00000000000043","0.446772968868997","2.00000000000043","1.55322703113143","1"
"XAUUSD","loss","4.44480000000021","1.9999999999998","0.316990640748874","-1","-1.31699064074887","1"
"XAUUSD","win","5.66880000000037","2","0.291730172170323","2","1.70826982782968","1"
"XAUUSD","win","6.70560000000023","1.99999999999993","0.277547124791146","1.99999999999993","1.72245287520879","3"
"XAUUSD","loss","15.5832","2","0.233369269469725","-1","-1.23336926946972","1"
"XAUUSD","win","7.9368000000004","1.99999999999989","0.265517588952709","1.99999999999989","1.73448241104718","1"
"XAUUSD","win","3.37199999999939","2.00000000000027","0.354211150652589","2.00000000000027","1.64578884934768","1"
"XAUUSD","loss","9.51360000000022","1.9999999999999","0.254658594012826","-1","-1.25465859401283","8"
"XAUUSD","loss","2.4336000000003","1.99999999999963","0.413675213674919","-1","-1.41367521367492","1"
"XAUUSD","win","3.88800000000083","1.99999999999988","0.333744855966975","1.99999999999988","1.66625514403291","1"
"XAUUSD","loss","5.87040000000025","1.99999999999992","0.288579994548948","-1","-1.28857999454897","1"
"XAUUSD","win","8.89919999999984","2.00000000000005","0.258432218626362","2.00000000000005","1.74156778137364","1"
"XAUUSD","win","2.74080000000004","1.99999999999983","0.389725627553923","1.99999999999983","1.61027437244608","1"
"XAUUSD","win","4.10879999999997","2","0.326557632398817","2","1.67344236760118","1"
"XAUUSD","win","3.95759999999973","2.00000000000023","0.331392763290727","2.00000000000023","1.6686072367095","6"
"XAUUSD","win","5.01839999999993","2","0.303618683245708","2","1.69638131675429","1"
"XAUUSD","win","10.7927999999997","2.00000000000008","0.248180268327066","2.00000000000008","1.75181973167298","16"
"XAUUSD","win","10.0944","2","0.251513710572206","2","1.74848628942779","1"
